timestamp,value,channel_id,t
2024-01-01 00:00:00,0.015235853987721568,41,0
2024-01-01 00:00:01,-0.036291841488761745,41,1
2024-01-01 00:00:02,0.06893369100864274,41,2
2024-01-01 00:00:03,0.09413594277598114,41,3
2024-01-01 00:00:04,-0.034758261225387985,41,4
2024-01-01 00:00:05,0.013355940394269544,41,5
2024-01-01 00:00:06,0.10051039526503965,41,6
2024-01-01 00:00:07,0.09393816824682706,41,7
2024-01-01 00:00:08,0.12451705486493367,41,8
2024-01-01 00:00:09,0.09828306045971247,41,9
2024-01-01 00:00:10,0.2004510755653171,41,10
2024-01-01 00:00:11,0.2108809268707939,41,11
2024-01-01 00:00:12,0.19076372088068413,41,12
2024-01-01 00:00:13,0.25925228731426286,41,13
2024-01-01 00:00:14,0.2416474168082939,41,14
2024-01-01 00:00:15,0.19063924319396705,41,15
2024-01-01 00:00:16,0.2673200448438573,41,16
2024-01-01 00:00:17,0.21616028406146234,41,17
2024-01-01 00:00:18,0.32318867220033864,41,18
2024-01-01 00:00:19,0.2918680246411866,41,19
2024-01-01 00:00:20,0.3001523917293802,41,20
2024-01-01 00:00:21,0.29030987801078373,41,21
2024-01-01 00:00:22,0.4003705754751709,41,22
2024-01-01 00:00:23,0.3463271726547152,41,23
2024-01-01 00:00:24,0.34736708133806815,41,24
2024-01-01 00:00:25,0.36582303738559274,41,25
2024-01-01 00:00:26,0.4246045905552173,41,26
2024-01-01 00:00:27,0.430730710793604,41,27
2024-01-01 00:00:28,0.4474712903729559,41,28
2024-01-01 00:00:29,0.46265548508788623,41,29
2024-01-01 00:00:30,0.5623770921187461,41,30
2024-01-01 00:00:31,0.44905165254584456,41,31
2024-01-01 00:00:32,0.45773231862420843,41,32
2024-01-01 00:00:33,0.4565192121917755,41,33
2024-01-01 00:00:34,0.5417585725795888,41,34
2024-01-01 00:00:35,0.5810453828590754,41,35
2024-01-01 00:00:36,0.5324190687119876,41,36
2024-01-01 00:00:37,0.5095079294167564,41,37
2024-01-01 00:00:38,0.5235678141156409,41,38
2024-01-01 00:00:39,0.6104716584550025,41,39
2024-01-01 00:00:40,0.6281261486893712,41,40
2024-01-01 00:00:41,0.6310111485953782,41,41
2024-01-01 00:00:42,0.5833338595301049,41,42
2024-01-01 00:00:43,0.6408366205672349,41,43
2024-01-01 00:00:44,0.6475427846534486,41,44
2024-01-01 00:00:45,0.6649810706909096,41,45
2024-01-01 00:00:46,0.7098119568731096,41,46
2024-01-01 00:00:47,0.6894674743663729,41,47
2024-01-01 00:00:48,0.7241314757989391,41,48
2024-01-01 00:00:49,0.705311442876504,41,49
2024-01-01 00:00:50,0.7279814614969203,41,50
2024-01-01 00:00:51,0.756526985609958,41,51
2024-01-01 00:00:52,0.6633837684123324,41,52
2024-01-01 00:00:53,0.7313767599861618,41,53
2024-01-01 00:00:54,0.7347981527056928,41,54
2024-01-01 00:00:55,0.7371650413350961,41,55
2024-01-01 00:00:56,0.7659776879479457,41,56
2024-01-01 00:00:57,0.864939540848257,41,57
2024-01-01 00:00:58,0.7571885473353609,41,58
2024-01-01 00:00:59,0.8590098028267377,41,59
2024-01-01 00:01:00,0.7363945903368975,41,60
2024-01-01 00:01:01,0.8135607479402631,41,61
2024-01-01 00:01:02,0.8480326724599866,41,62
2024-01-01 00:01:03,0.8786176855126911,41,63
2024-01-01 00:01:04,0.8940994670551511,41,64
2024-01-01 00:01:05,0.9072556368718896,41,65
2024-01-01 00:01:06,0.8590193345986129,41,66
2024-01-01 00:01:07,0.86202115586173,41,67
2024-01-01 00:01:08,0.9365352695648298,41,68
2024-01-01 00:01:09,0.8923823513127304,41,69
2024-01-01 00:01:10,0.8462865559624921,41,70
2024-01-01 00:01:11,0.8613409404718482,41,71
2024-01-01 00:01:12,0.879777214134949,41,72
2024-01-01 00:01:13,0.9581615269632567,41,73
2024-01-01 00:01:14,0.9477866701581632,41,74
2024-01-01 00:01:15,0.9823589377405041,41,75
2024-01-01 00:01:16,0.9334479411529868,41,76
2024-01-01 00:01:17,0.9695193649162008,41,77
2024-01-01 00:01:18,0.9994589603543496,41,78
2024-01-01 00:01:19,0.9591038406989421,41,79
2024-01-01 00:01:20,1.0036058001937216,41,80
2024-01-01 00:01:21,0.953670296011062,41,81
2024-01-01 00:01:22,0.974416743861688,41,82
2024-01-01 00:01:23,0.9790883410676429,41,83
2024-01-01 00:01:24,0.9437917414582169,41,84
2024-01-01 00:01:25,1.0331433199725162,41,85
2024-01-01 00:01:26,0.990337895074379,41,86
2024-01-01 00:01:27,1.0192483017377065,41,87
2024-01-01 00:01:28,1.0472787674781774,41,88
2024-01-01 00:01:29,1.0499881383067307,41,89
2024-01-01 00:01:30,1.0651534010848749,41,90
2024-01-01 00:01:31,1.0309850372027303,41,91
2024-01-01 00:01:32,1.0185724032359953,41,92
2024-01-01 00:01:33,1.0393825625807753,41,93
2024-01-01 00:01:34,0.9624364209824098,41,94
2024-01-01 00:01:35,0.97768613520035,41,95
2024-01-01 00:01:36,0.9869498349663733,41,96
2024-01-01 00:01:37,1.0060705280957345,41,97
2024-01-01 00:01:38,1.0785752505514823,41,98
2024-01-01 00:01:39,1.0157725526799883,41,99
2024-01-01 00:01:40,1.0444053827380804,41,100
2024-01-01 00:01:41,1.130349772640265,41,101
2024-01-01 00:01:42,1.0494587133313844,41,102
2024-01-01 00:01:43,1.1058408763414846,41,103
2024-01-01 00:01:44,1.0237880171113407,41,104
2024-01-01 00:01:45,1.0615124886015856,41,105
2024-01-01 00:01:46,1.0254114956873033,41,106
2024-01-01 00:01:47,1.0569031063771859,41,107
2024-01-01 00:01:48,1.1166274802392022,41,108
2024-01-01 00:01:49,0.9888197964197346,41,109
2024-01-01 00:01:50,1.0972985119479144,41,110
2024-01-01 00:01:51,1.0876747838754433,41,111
2024-01-01 00:01:52,1.0461117918814307,41,112
2024-01-01 00:01:53,1.0033698006239977,41,113
2024-01-01 00:01:54,1.0789562511597208,41,114
2024-01-01 00:01:55,1.0483775170077425,41,115
2024-01-01 00:01:56,1.0858153033605789,41,116
2024-01-01 00:01:57,1.0744321266684531,41,117
2024-01-01 00:01:58,1.152416952010988,41,118
2024-01-01 00:01:59,1.059181002637062,41,119
2024-01-01 00:02:00,1.01862885268549,41,120
2024-01-01 00:02:01,1.0772585477795253,41,121
2024-01-01 00:02:02,1.0776237127234842,41,122
2024-01-01 00:02:03,1.1327524708667744,41,123
2024-01-01 00:02:04,1.1045600445385315,41,124
2024-01-01 00:02:05,1.0785037247372968,41,125
2024-01-01 00:02:06,1.131527474676666,41,126
2024-01-01 00:02:07,0.9964750196668983,41,127
2024-01-01 00:02:08,1.0213273819675455,41,128
2024-01-01 00:02:09,1.00424119576721,41,129
2024-01-01 00:02:10,1.028190132137968,41,130
2024-01-01 00:02:11,0.9758149290888007,41,131
2024-01-01 00:02:12,1.0732358135461966,41,132
2024-01-01 00:02:13,1.0270590479643302,41,133
2024-01-01 00:02:14,0.9611871824101831,41,134
2024-01-01 00:02:15,0.9803738044961479,41,135
2024-01-01 00:02:16,1.043124246475748,41,136
2024-01-01 00:02:17,1.065523835836808,41,137
2024-01-01 00:02:18,1.1194988224867903,41,138
2024-01-01 00:02:19,1.1612786827794617,41,139
2024-01-01 00:02:20,1.0321105514904467,41,140
2024-01-01 00:02:21,0.95760169323587,41,141
2024-01-01 00:02:22,0.896051595575474,41,142
2024-01-01 00:02:23,1.0115044065342593,41,143
2024-01-01 00:02:24,0.9528291678677447,41,144
2024-01-01 00:02:25,0.9679610946840964,41,145
2024-01-01 00:02:26,0.9532751064557454,41,146
2024-01-01 00:02:27,0.9718925785700246,41,147
2024-01-01 00:02:28,1.027187457997517,41,148
2024-01-01 00:02:29,0.9766043289108606,41,149
2024-01-01 00:02:30,0.9555937497104867,41,150
2024-01-01 00:02:31,0.9064295602059392,41,151
2024-01-01 00:02:32,0.8690810712406288,41,152
2024-01-01 00:02:33,0.9230220767134769,41,153
2024-01-01 00:02:34,0.9390929685993737,41,154
2024-01-01 00:02:35,1.0245486906518273,41,155
2024-01-01 00:02:36,0.9369646155266605,41,156
2024-01-01 00:02:37,0.9738182909778926,41,157
2024-01-01 00:02:38,0.893881842712626,41,158
2024-01-01 00:02:39,0.8537027852534439,41,159
2024-01-01 00:02:40,0.8587387041725487,41,160
2024-01-01 00:02:41,0.8647222099959256,41,161
2024-01-01 00:02:42,1.0013435666918216,41,162
2024-01-01 00:02:43,0.8477381105952788,41,163
2024-01-01 00:02:44,0.9245732754703544,41,164
2024-01-01 00:02:45,0.8313010476386564,41,165
2024-01-01 00:02:46,0.916785087778224,41,166
2024-01-01 00:02:47,0.8831766774870038,41,167
2024-01-01 00:02:48,0.8497868120649524,41,168
2024-01-01 00:02:49,0.8492402693442161,41,169
2024-01-01 00:02:50,0.8121720355077374,41,170
2024-01-01 00:02:51,0.8608246144805813,41,171
2024-01-01 00:02:52,0.8093611949923069,41,172
2024-01-01 00:02:53,0.764402443096658,41,173
2024-01-01 00:02:54,0.7553444247552448,41,174
2024-01-01 00:02:55,0.8214186875543584,41,175
2024-01-01 00:02:56,0.8852844574841474,41,176
2024-01-01 00:02:57,0.8078658834384778,41,177
2024-01-01 00:02:58,0.7874697802998496,41,178
2024-01-01 00:02:59,0.8012305530100347,41,179
2024-01-01 00:03:00,0.8457821959689336,41,180
2024-01-01 00:03:01,0.7850025549491221,41,181
2024-01-01 00:03:02,0.7470499779083207,41,182
2024-01-01 00:03:03,0.8164883880901103,41,183
2024-01-01 00:03:04,0.7762071896403935,41,184
2024-01-01 00:03:05,0.8251734651611351,41,185
2024-01-01 00:03:06,0.7511876298703404,41,186
2024-01-01 00:03:07,0.6744696854151895,41,187
2024-01-01 00:03:08,0.6609824134535738,41,188
2024-01-01 00:03:09,0.8056670125780494,41,189
2024-01-01 00:03:10,0.80307012614488,41,190
2024-01-01 00:03:11,0.7017160362746303,41,191
2024-01-01 00:03:12,0.6853796460890688,41,192
2024-01-01 00:03:13,0.7715029995263329,41,193
2024-01-01 00:03:14,0.637017902777554,41,194
2024-01-01 00:03:15,0.6416237101312485,41,195
2024-01-01 00:03:16,0.7125695606466688,41,196
2024-01-01 00:03:17,0.6547721929733874,41,197
2024-01-01 00:03:18,0.6684044034146469,41,198
2024-01-01 00:03:19,0.6547079372667736,41,199
2024-01-01 00:03:20,0.6740426175888636,41,200
2024-01-01 00:03:21,0.7218886637383924,41,201
2024-01-01 00:03:22,0.6504639835465632,41,202
2024-01-01 00:03:23,0.6726239102661111,41,203
2024-01-01 00:03:24,0.5324852031811025,41,204
2024-01-01 00:03:25,0.6272018329186112,41,205
2024-01-01 00:03:26,0.5821997540109302,41,206
2024-01-01 00:03:27,0.558226121075154,41,207
2024-01-01 00:03:28,0.5701490355874118,41,208
2024-01-01 00:03:29,0.5923270742164788,41,209
2024-01-01 00:03:30,0.649893974535726,41,210
2024-01-01 00:03:31,0.5329360742337581,41,211
2024-01-01 00:03:32,0.5960376171763428,41,212
2024-01-01 00:03:33,0.5656435359107728,41,213
2024-01-01 00:03:34,0.5689120672849673,41,214
2024-01-01 00:03:35,0.6309771470161324,41,215
2024-01-01 00:03:36,0.6104575407921389,41,216
2024-01-01 00:03:37,0.6532380030994367,41,217
2024-01-01 00:03:38,0.5815648830351,41,218
2024-01-01 00:03:39,0.5575227212899625,41,219
2024-01-01 00:03:40,0.5842660361795928,41,220
2024-01-01 00:03:41,0.6108341555643668,41,221
2024-01-01 00:03:42,0.6109012585197843,41,222
2024-01-01 00:03:43,0.551331066605868,41,223
2024-01-01 00:03:44,0.6136690603544706,41,224
2024-01-01 00:03:45,0.6242678730997719,41,225
2024-01-01 00:03:46,0.7425613367324847,41,226
2024-01-01 00:03:47,0.7144817906064234,41,227
2024-01-01 00:03:48,0.5820514633776861,41,228
2024-01-01 00:03:49,0.6145420223856124,41,229
2024-01-01 00:03:50,0.5600614254163111,41,230
2024-01-01 00:03:51,0.6081465154445397,41,231
2024-01-01 00:03:52,0.658037635509277,41,232
2024-01-01 00:03:53,0.7072538795116342,41,233
2024-01-01 00:03:54,0.6153401710953567,41,234
2024-01-01 00:03:55,0.6240505559449643,41,235
2024-01-01 00:03:56,0.5544882322325355,41,236
2024-01-01 00:03:57,0.6589463655638518,41,237
2024-01-01 00:03:58,0.6193189128856547,41,238
2024-01-01 00:03:59,0.6514613902506802,41,239
2024-01-01 00:04:00,0.6397185093852297,41,240
2024-01-01 00:04:01,0.6846117078607173,41,241
2024-01-01 00:04:02,0.6073373855172853,41,242
2024-01-01 00:04:03,0.6279067155310657,41,243
2024-01-01 00:04:04,0.813893169448431,41,244
2024-01-01 00:04:05,0.6493685832761085,41,245
2024-01-01 00:04:06,0.6653467323150667,41,246
2024-01-01 00:04:07,0.8186156636363799,41,247
2024-01-01 00:04:08,0.8787452140487221,41,248
2024-01-01 00:04:09,0.681773438736833,41,249
2024-01-01 00:04:10,0.7289373754821532,41,250
2024-01-01 00:04:11,0.7715638233435,41,251
2024-01-01 00:04:12,0.8481952890437304,41,252
2024-01-01 00:04:13,0.7198299601540261,41,253
2024-01-01 00:04:14,0.7644592214141914,41,254
2024-01-01 00:04:15,0.82327796923477,41,255
2024-01-01 00:04:16,0.8139747712805945,41,256
2024-01-01 00:04:17,0.7813911035677321,41,257
2024-01-01 00:04:18,0.8016068618063115,41,258
2024-01-01 00:04:19,0.7477885257202171,41,259
2024-01-01 00:04:20,0.8129956172786215,41,260
2024-01-01 00:04:21,0.8200910189206563,41,261
2024-01-01 00:04:22,0.8536594353804403,41,262
2024-01-01 00:04:23,0.8230588836890154,41,263
2024-01-01 00:04:24,0.8833094685039693,41,264
2024-01-01 00:04:25,0.919407803114964,41,265
2024-01-01 00:04:26,0.8857142392599532,41,266
2024-01-01 00:04:27,0.9048317043995504,41,267
2024-01-01 00:04:28,0.8993321138393954,41,268
2024-01-01 00:04:29,0.9062373225464013,41,269
2024-01-01 00:04:30,0.8798411361985099,41,270
2024-01-01 00:04:31,0.9415556915326022,41,271
2024-01-01 00:04:32,0.9308033645891928,41,272
2024-01-01 00:04:33,1.0503863147114842,41,273
2024-01-01 00:04:34,1.03457799482054,41,274
2024-01-01 00:04:35,0.9855056746800156,41,275
2024-01-01 00:04:36,0.9384828768660769,41,276
2024-01-01 00:04:37,0.9315553383144783,41,277
2024-01-01 00:04:38,1.0573894555660295,41,278
2024-01-01 00:04:39,1.0217407701910246,41,279
2024-01-01 00:04:40,1.0434944157444348,41,280
2024-01-01 00:04:41,0.9432530966943993,41,281
2024-01-01 00:04:42,1.0879589108634897,41,282
2024-01-01 00:04:43,1.0755202100443784,41,283
2024-01-01 00:04:44,1.0085956057459535,41,284
2024-01-01 00:04:45,1.0519626620215141,41,285
2024-01-01 00:04:46,1.1002483666731884,41,286
2024-01-01 00:04:47,1.1013092697567477,41,287
2024-01-01 00:04:48,1.0957985433271156,41,288
2024-01-01 00:04:49,1.1170494945972969,41,289
2024-01-01 00:04:50,1.121535314196627,41,290
2024-01-01 00:04:51,1.153763845354876,41,291
2024-01-01 00:04:52,1.231800863890928,41,292
2024-01-01 00:04:53,1.0420706011663783,41,293
2024-01-01 00:04:54,1.1708226412258842,41,294
2024-01-01 00:04:55,1.2038343988187217,41,295
2024-01-01 00:04:56,1.2222316702611784,41,296
2024-01-01 00:04:57,1.2013365418895603,41,297
2024-01-01 00:04:58,1.1446710872400905,41,298
2024-01-01 00:04:59,1.2615539208301434,41,299
2024-01-01 00:05:00,1.3442381146380447,41,300
2024-01-01 00:05:01,1.1939608635372982,41,301
2024-01-01 00:05:02,1.326692886834853,41,302
2024-01-01 00:05:03,1.2799843151687027,41,303
2024-01-01 00:05:04,1.3063122686384419,41,304
2024-01-01 00:05:05,1.2697575383706976,41,305
2024-01-01 00:05:06,1.3187569188979769,41,306
2024-01-01 00:05:07,1.4136096930944002,41,307
2024-01-01 00:05:08,1.3909155904996704,41,308
2024-01-01 00:05:09,1.4616185312728616,41,309
2024-01-01 00:05:10,1.447135526427391,41,310
2024-01-01 00:05:11,1.4235201795949444,41,311
2024-01-01 00:05:12,1.5020994672154124,41,312
2024-01-01 00:05:13,1.4502223002384829,41,313
2024-01-01 00:05:14,1.4830719599586386,41,314
2024-01-01 00:05:15,1.440270898803328,41,315
2024-01-01 00:05:16,1.471877577238188,41,316
2024-01-01 00:05:17,1.4471508179592045,41,317
2024-01-01 00:05:18,1.54499073052604,41,318
2024-01-01 00:05:19,1.4501005808806626,41,319
2024-01-01 00:05:20,1.5616490959691391,41,320
2024-01-01 00:05:21,1.5265233009285009,41,321
2024-01-01 00:05:22,1.6081477968617484,41,322
2024-01-01 00:05:23,1.6006606355885946,41,323
2024-01-01 00:05:24,1.6676802237473796,41,324
2024-01-01 00:05:25,1.6267131852357852,41,325
2024-01-01 00:05:26,1.5250915875083513,41,326
2024-01-01 00:05:27,1.6138545072690857,41,327
2024-01-01 00:05:28,1.5720965818177675,41,328
2024-01-01 00:05:29,1.6182607225355135,41,329
2024-01-01 00:05:30,1.7331936899995801,41,330
2024-01-01 00:05:31,1.7029430720615966,41,331
2024-01-01 00:05:32,1.649527309193831,41,332
2024-01-01 00:05:33,1.6471655223437898,41,333
2024-01-01 00:05:34,1.7128349410716108,41,334
2024-01-01 00:05:35,1.6636759361764248,41,335
2024-01-01 00:05:36,1.704215476325369,41,336
2024-01-01 00:05:37,1.7665987308549083,41,337
2024-01-01 00:05:38,1.8219436324054332,41,338
2024-01-01 00:05:39,1.8077466751731577,41,339
2024-01-01 00:05:40,1.675822293002672,41,340
2024-01-01 00:05:41,1.8186276739834053,41,341
2024-01-01 00:05:42,1.819974803067997,41,342
2024-01-01 00:05:43,1.8499694692713462,41,343
2024-01-01 00:05:44,1.9229221509207355,41,344
2024-01-01 00:05:45,1.7517181963269421,41,345
2024-01-01 00:05:46,1.838021977884268,41,346
2024-01-01 00:05:47,1.9097449791195316,41,347
2024-01-01 00:05:48,1.813664827125057,41,348
2024-01-01 00:05:49,1.979006166681001,41,349
2024-01-01 00:05:50,1.9360069264377366,41,350
2024-01-01 00:05:51,1.972211841880233,41,351
2024-01-01 00:05:52,1.9135391432407025,41,352
2024-01-01 00:05:53,1.9948853250569987,41,353
2024-01-01 00:05:54,2.0196356796852193,41,354
2024-01-01 00:05:55,1.9897721519861582,41,355
2024-01-01 00:05:56,2.001662698363602,41,356
2024-01-01 00:05:57,2.0151695642857472,41,357
2024-01-01 00:05:58,1.9700873530888516,41,358
2024-01-01 00:05:59,2.0173700097484133,41,359
2024-01-01 00:06:00,2.0284989355361844,41,360
2024-01-01 00:06:01,2.066557372838113,41,361
2024-01-01 00:06:02,2.1085227481982454,41,362
2024-01-01 00:06:03,2.016627099102885,41,363
2024-01-01 00:06:04,2.0742016361561637,41,364
2024-01-01 00:06:05,2.165296207317565,41,365
2024-01-01 00:06:06,2.0646858948819666,41,366
2024-01-01 00:06:07,2.0712626289512195,41,367
2024-01-01 00:06:08,2.1328656606026897,41,368
2024-01-01 00:06:09,2.175207718605723,41,369
2024-01-01 00:06:10,2.1436582854978177,41,370
2024-01-01 00:06:11,2.219491520592551,41,371
2024-01-01 00:06:12,2.2056952937757615,41,372
2024-01-01 00:06:13,2.214611949579133,41,373
2024-01-01 00:06:14,2.2097430668426696,41,374
2024-01-01 00:06:15,2.30778487626709,41,375
2024-01-01 00:06:16,2.1903555850786525,41,376
2024-01-01 00:06:17,2.109493302589766,41,377
2024-01-01 00:06:18,2.298780059498279,41,378
2024-01-01 00:06:19,2.2044203951905814,41,379
2024-01-01 00:06:20,2.241275488049636,41,380
2024-01-01 00:06:21,2.3097711945788273,41,381
2024-01-01 00:06:22,2.1724270445262714,41,382
2024-01-01 00:06:23,2.198036310630437,41,383
2024-01-01 00:06:24,2.188463885689551,41,384
2024-01-01 00:06:25,2.236558765521499,41,385
2024-01-01 00:06:26,2.3058121714459014,41,386
2024-01-01 00:06:27,2.3174297886642705,41,387
2024-01-01 00:06:28,2.3122478396220973,41,388
2024-01-01 00:06:29,2.2348316883627977,41,389
2024-01-01 00:06:30,2.196821274546763,41,390
2024-01-01 00:06:31,2.3217197512658325,41,391
2024-01-01 00:06:32,2.301906663910564,41,392
2024-01-01 00:06:33,2.3547745787933803,41,393
2024-01-01 00:06:34,2.3730279475884184,41,394
2024-01-01 00:06:35,2.3507812437516113,41,395
2024-01-01 00:06:36,2.3876274988435244,41,396
2024-01-01 00:06:37,2.3666447478959682,41,397
2024-01-01 00:06:38,2.387061366245801,41,398
2024-01-01 00:06:39,2.330508051497927,41,399
2024-01-01 00:06:40,2.361753434448124,41,400
2024-01-01 00:06:41,2.3853729427896733,41,401
2024-01-01 00:06:42,2.4211677333042028,41,402
2024-01-01 00:06:43,2.364867718991788,41,403
2024-01-01 00:06:44,2.4148322243070943,41,404
2024-01-01 00:06:45,2.3795060029713184,41,405
2024-01-01 00:06:46,2.3907493558686754,41,406
2024-01-01 00:06:47,2.4417348845912556,41,407
2024-01-01 00:06:48,2.3040418974586405,41,408
2024-01-01 00:06:49,2.3421104300067954,41,409
2024-01-01 00:06:50,2.335866748555614,41,410
2024-01-01 00:06:51,2.296139784113525,41,411
2024-01-01 00:06:52,2.381554360935017,41,412
2024-01-01 00:06:53,2.45538857700679,41,413
2024-01-01 00:06:54,2.4059242327936547,41,414
2024-01-01 00:06:55,2.432111761867785,41,415
2024-01-01 00:06:56,2.4785392982198515,41,416
2024-01-01 00:06:57,2.4921213798367745,41,417
2024-01-01 00:06:58,2.4237415147186523,41,418
2024-01-01 00:06:59,2.4961420006170694,41,419
2024-01-01 00:07:00,2.4341366221209486,41,420
2024-01-01 00:07:01,2.3885316451861605,41,421
2024-01-01 00:07:02,2.4013569495478126,41,422
2024-01-01 00:07:03,2.357530219045068,41,423
2024-01-01 00:07:04,2.3874356829032726,41,424
2024-01-01 00:07:05,2.4140327755627227,41,425
2024-01-01 00:07:06,2.472010712062081,41,426
2024-01-01 00:07:07,2.517575196866571,41,427
2024-01-01 00:07:08,2.3619411060230684,41,428
2024-01-01 00:07:09,2.450014165751096,41,429
2024-01-01 00:07:10,2.377478304146776,41,430
2024-01-01 00:07:11,2.452184188764423,41,431
2024-01-01 00:07:12,2.420651047561225,41,432
2024-01-01 00:07:13,2.334229496605409,41,433
2024-01-01 00:07:14,2.470573618001473,41,434
2024-01-01 00:07:15,2.392108557492658,41,435
2024-01-01 00:07:16,2.393680581977219,41,436
2024-01-01 00:07:17,2.364723542019819,41,437
2024-01-01 00:07:18,2.3831525868191217,41,438
2024-01-01 00:07:19,2.434738390732248,41,439
2024-01-01 00:07:20,2.4011818689380053,41,440
2024-01-01 00:07:21,2.424202130087613,41,441
2024-01-01 00:07:22,2.4228164785019777,41,442
2024-01-01 00:07:23,2.4675329785576454,41,443
2024-01-01 00:07:24,2.380970051269948,41,444
2024-01-01 00:07:25,2.320707739018051,41,445
2024-01-01 00:07:26,2.4441867401711934,41,446
2024-01-01 00:07:27,2.370361883930613,41,447
2024-01-01 00:07:28,2.4386142911746203,41,448
2024-01-01 00:07:29,2.3978416773269777,41,449
2024-01-01 00:07:30,2.3677460002112647,41,450
2024-01-01 00:07:31,2.387215807072572,41,451
2024-01-01 00:07:32,2.462648086429045,41,452
2024-01-01 00:07:33,2.4641155219668986,41,453
2024-01-01 00:07:34,2.3587555111280984,41,454
2024-01-01 00:07:35,2.35816924472526,41,455
2024-01-01 00:07:36,2.3987007140838656,41,456
2024-01-01 00:07:37,2.2971928525988528,41,457
2024-01-01 00:07:38,2.3505773511579617,41,458
2024-01-01 00:07:39,2.326941918224122,41,459
2024-01-01 00:07:40,2.33810761395296,41,460
2024-01-01 00:07:41,2.274789479826368,41,461
2024-01-01 00:07:42,2.2308965391040125,41,462
2024-01-01 00:07:43,2.2005167581437632,41,463
2024-01-01 00:07:44,2.2419645504328836,41,464
2024-01-01 00:07:45,2.2684474562728836,41,465
2024-01-01 00:07:46,2.270151612224383,41,466
2024-01-01 00:07:47,2.37498813464084,41,467
2024-01-01 00:07:48,2.326629989297532,41,468
2024-01-01 00:07:49,2.2163208510815626,41,469
2024-01-01 00:07:50,2.2748002760405273,41,470
2024-01-01 00:07:51,2.2299478022719192,41,471
2024-01-01 00:07:52,2.2288708848522822,41,472
2024-01-01 00:07:53,2.2450463448164872,41,473
2024-01-01 00:07:54,2.2593363797058243,41,474
2024-01-01 00:07:55,2.2039226211044958,41,475
2024-01-01 00:07:56,2.2664990172808217,41,476
2024-01-01 00:07:57,2.1485468414581024,41,477
2024-01-01 00:07:58,2.198217705475837,41,478
2024-01-01 00:07:59,2.319964423186214,41,479
2024-01-01 00:08:00,2.193341016472536,41,480
2024-01-01 00:08:01,2.2458837027646235,41,481
2024-01-01 00:08:02,2.1707679610966393,41,482
2024-01-01 00:08:03,2.187136201731593,41,483
2024-01-01 00:08:04,2.1471034165914755,41,484
2024-01-01 00:08:05,2.1332106957604844,41,485
2024-01-01 00:08:06,2.0944921761491733,41,486
2024-01-01 00:08:07,2.146666779012679,41,487
2024-01-01 00:08:08,2.074213948451462,41,488
2024-01-01 00:08:09,2.141666351632332,41,489
2024-01-01 00:08:10,2.154208424570973,41,490
2024-01-01 00:08:11,2.1097918625359418,41,491
2024-01-01 00:08:12,2.0686418492072396,41,492
2024-01-01 00:08:13,2.097112887783505,41,493
2024-01-01 00:08:14,2.0504161710926057,41,494
2024-01-01 00:08:15,2.104040858583081,41,495
2024-01-01 00:08:16,1.9570889183781734,41,496
2024-01-01 00:08:17,2.023260200741301,41,497
2024-01-01 00:08:18,1.9318705314621196,41,498
2024-01-01 00:08:19,-0.059045677688096994,41,499
